Restaurant Name,Locality,City,Cost for Two,Cuisines,Amenities,Overviews
Natural Ice Cream,Panvel,Navi Mumbai,?150,Desserts,"Home Delivery, Credit Cards Accepted, Dine-In","Natural Ice Cream in Panvel, Navi Mumbai, belongs to the well-known chain celebrated for fruit-based, additive-free ice creams. Its menu centres on fresh seasonal scoops such as mango, chikoo and sitaphal, along with sundaes and other frozen treats, making the parlour a reliable pick for anyone with a sweet tooth. The approximate cost for two is ₹150, keeping it budget-friendly. Dine-in seating and home delivery are available, and credit cards are accepted at the counter. It works well as a quick family stop, especially for children, and suits an after-dinner dessert run or a take-home tub. Overall, Natural Ice Cream delivers honest, flavour-first desserts at gentle prices, with enough variety for casual evening outings and relaxed weekend treats alike."
Nazarana Cake Shop,Panvel,Navi Mumbai,?300,"Bakery, Parsi","Credit Cards Accepted, Dine-In, Non-Vegetarian Options","Nazarana Cake Shop is a bakery and Parsi-style sweet shop in Panvel, Navi Mumbai, catering to everyday cravings for cakes, bakes and traditional confectionery. Its menu leans on bakery favourites with a Parsi touch, making it a suitable stop for tea-time treats, celebration cakes and neatly packed sweets. The approximate cost for two is ₹300, keeping it in the budget to mid-range category. The shop offers dine-in seating, credit card acceptance and non-vegetarian options. It is a convenient neighbourhood destination for quick purchases, festive gifting and small family celebrations. Overall, Nazarana Cake Shop combines everyday bakery convenience with Parsi-flavoured specialities, offering a friendly, no-fuss experience for Panvel residents looking for fresh desserts and baked goods."
Neel Kamal,Panvel,Navi Mumbai,?500,Chinese,"Home Delivery, Credit Cards Accepted, Dine-In, Non-Vegetarian Options, Air Conditioned","Neel Kamal is a Chinese restaurant in Panvel, Navi Mumbai, focusing on familiar Indo-Chinese cooking. Its menu centres on hakka noodles, fried rice, chilli-based starters and gravy mains, making the outlet suitable for diners who enjoy bold, spiced flavours and generous portions. The approximate cost for two is ₹500, placing it in the mid-range category. The air-conditioned space offers dine-in seating and home delivery, while non-vegetarian options sit alongside vegetarian choices; credit cards are accepted. It is a dependable option for family dinners, student meet-ups and weekend lunches when the mood is for quick, satisfying Chinese fare. Overall, Neel Kamal delivers a focused Indo-Chinese experience in Panvel, with enough variety for relaxed meals with friends or family."
Om Sai Kripa,Panvel,Navi Mumbai,?300,Chinese,"Home Delivery, Credit Cards Accepted, Dine-In, Non-Vegetarian Options","Om Sai Kripa is a Chinese eatery in Panvel, Navi Mumbai, offering straightforward Indo-Chinese fare for everyday dining. Its menu revolves around noodles, fried rice, Manchurian and other chilli-spiked favourites, suiting diners who enjoy hearty, flavour-packed meals. The approximate cost for two is ₹300, placing it in the budget-friendly to mid-range category. The restaurant supports dine-in seating and home delivery, accepts credit cards, and includes non-vegetarian options. It suits quick lunches, casual dinners and takeaway orders from the neighbourhood. Overall, Om Sai Kripa offers a simple, value-oriented Chinese dining experience in Panvel, with practical conveniences such as delivery and card payments, and enough choice for satisfying meals with family or friends."
Pallavi,Panvel,Navi Mumbai,?700,Indian,"Home Delivery, Credit Cards Accepted, Bar Available, Dine-In, Non-Vegetarian Options, Air Conditioned, Outdoor Seating","Pallavi is an Indian restaurant in Panvel, Navi Mumbai, serving familiar favourites in a comfortable, full-service setting. Its menu centres on curries, gravies, breads and regional Indian preparations, making it suitable for diners who enjoy wholesome, traditional meals. The approximate cost for two is ₹700, placing it in the mid-range category. The air-conditioned outlet also has outdoor seating and a bar for those who enjoy a drink with their meal. Home delivery adds convenience, non-vegetarian options are well represented, and credit cards are accepted. It is a sensible choice for family dinners, group gatherings and leisurely weekend meals. Overall, Pallavi delivers a well-rounded Indian dining experience in Panvel, combining comfortable ambience, bar service and varied menu options."
Pikachu,Panvel,Navi Mumbai,?800,"North Indian, Chinese","Home Delivery, Credit Cards Accepted, Bar Available, Dine-In, Non-Vegetarian Options, Air Conditioned, Valet Parking","Pikachu is a North Indian and Chinese restaurant in Panvel, Navi Mumbai, offering a dual-cuisine menu that spans tandoori kebabs and curries alongside Indo-Chinese staples. Its broad spread makes the outlet suitable for groups with mixed tastes who want Indian gravies and noodle-rice dishes at one table. The approximate cost for two is ₹800, placing it in the mid-range category. The air-conditioned dining room is complemented by a bar, valet parking and home delivery, while non-vegetarian options feature prominently; credit cards are accepted. It suits family dinners and lively celebratory get-togethers. Overall, Pikachu combines North Indian and Chinese cooking with bar and valet conveniences in Panvel, giving diners a comfortable, well-serviced option for generous meals."
Punjabi Chandu Halwai,Panvel,Navi Mumbai,?500,Desserts,"Home Delivery, Credit Cards Accepted, Dine-In, Air Conditioned","Punjabi Chandu Halwai is a dessert-focused establishment in Panvel, Navi Mumbai, rooted in the classic halwai tradition of Indian sweets. Its menu centres on mithai, freshly made sweets and related preparations, making it a natural destination for festive shopping, gifting and post-meal indulgence. The approximate cost for two is ₹500, placing it in the mid-range category. The air-conditioned outlet offers dine-in seating and home delivery, and credit cards are accepted. It suits family visits during festivals, celebratory occasions and everyday sweet cravings. Overall, Punjabi Chandu Halwai brings a dependable halwai-style dessert experience to Panvel, with comfortable seating and delivery convenience for quality Indian sweets."
Punjabi Dhaba,Panvel,Navi Mumbai,?300,North Indian,"Home Delivery, Credit Cards Accepted, Dine-In","Punjabi Dhaba is a North Indian eatery in Panvel, Navi Mumbai, styled after the hearty, no-fuss dhaba tradition. Its menu centres on rich curries, dal, tandoori breads and Punjabi comfort classics, making it a fitting choice for diners who enjoy robust, homely flavours and filling plates. The approximate cost for two is ₹300, placing it in the budget-friendly category. Dine-in seating, home delivery and credit card acceptance are available. It is a convenient option for weekday dinners, quick family meals and takeaway orders when the craving is for buttery gravies and fresh rotis. Overall, Punjabi Dhaba delivers an approachable North Indian dhaba experience in Panvel, with simple comforts, practical delivery and honest pricing that make it an easy everyday choice."
Raigad Sweet & Namkeen,Panvel,Navi Mumbai,?240,Desserts,"Credit Cards Accepted, Dine-In","Raigad Sweet & Namkeen is a dessert and snack shop in Panvel, Navi Mumbai, specialising in Indian sweets and savoury namkeen. Its menu centres on traditional mithai alongside crispy namkeen mixes, making it a suitable stop for festive shopping and everyday snacking. The approximate cost for two is ₹240, keeping it clearly budget-friendly. Dine-in seating and credit card payments are available. It is a handy neighbourhood destination for festival preparations, return gifts and quick sweet cravings, with the classic sweet-shop assortment expected from the brand. Overall, Raigad Sweet & Namkeen provides a dependable range of sweets and namkeen in Panvel at accessible prices, with simple dine-in comfort and card acceptance for regular and festive requirements alike."
Ribbons & Balloons,Panvel,Navi Mumbai,?300,Bakery,"Home Delivery, Credit Cards Accepted, Dine-In, Non-Vegetarian Options","Ribbons & Balloons is a bakery in Panvel, Navi Mumbai, pairing baked goods with a celebration-friendly name. Its offering centres on cakes, bakes and bakery specialities, making it a fitting destination for birthdays, anniversaries and casual sweet-tooth visits. The approximate cost for two is ₹300, placing it in the budget-friendly to mid-range category. The outlet provides dine-in seating, home delivery and credit card acceptance; non-vegetarian options are also available for savoury preferences. Families will find it handy for celebration cakes and party treats, while individuals can drop in for quick snacks and desserts. Overall, Ribbons & Balloons delivers a cheerful bakery experience in Panvel, blending everyday bakes with festive appeal and practical conveniences."
Sagar Restaurant & Bar,Panvel,Navi Mumbai,?400,Indian,"Home Delivery, Credit Cards Accepted, Bar Available, Dine-In, Non-Vegetarian Options, Air Conditioned","Sagar Restaurant & Bar is an Indian dining destination in Panvel, Navi Mumbai, combining a full-service restaurant with an attached bar. Its menu centres on Indian curries, regional preparations and bar-friendly starters, making it suitable for diners who enjoy substantial meals with the option of drinks. The approximate cost for two is ₹400, placing it in the mid-range category. The air-conditioned outlet offers dine-in seating, home delivery and non-vegetarian options, and accepts credit cards. It suits relaxed dinners, post-work unwinding and livelier family meals. Overall, Sagar Restaurant & Bar offers a dependable Indian food and bar experience in Panvel, with air-conditioned comfort, delivery convenience and a menu for quiet dinners and spirited gatherings."
Shabri,Panvel,Navi Mumbai,?200,Chinese,"Home Delivery, Credit Cards Accepted, Dine-In, Air Conditioned","Shabri is a Chinese restaurant in Panvel, Navi Mumbai, offering compact Indo-Chinese fare for everyday dining. Its menu focuses on noodles, fried rice, Manchurian and chilli-based dishes, making the outlet a suitable pick for diners who enjoy quick, flavourful meals at modest prices. The approximate cost for two is ₹200, placing it firmly in the budget-friendly category. The air-conditioned space provides dine-in seating, home delivery brings the menu to your door, and credit cards are accepted at billing. It is a convenient choice for students, small families and anyone seeking an inexpensive Chinese fix on a weekday. Overall, Shabri delivers a simple, value-driven Chinese dining experience in Panvel, with air-conditioned comfort and delivery support for casual meals and quick takeaways."
Shree Chinese,Panvel,Navi Mumbai,?250,Chinese,"Home Delivery, Credit Cards Accepted, Dine-In, Non-Vegetarian Options","Shree Chinese is a Chinese eatery in Panvel, Navi Mumbai, built around familiar Indo-Chinese favourites. Its menu centres on hakka noodles, fried rice, Manchurian and spicy starters, making it a good match for diners who like punchy flavours and generous helpings. The approximate cost for two is ₹250, placing it in the budget-friendly category. The outlet offers dine-in seating for on-the-spot meals, home delivery for convenience and credit card acceptance and non-vegetarian options. It suits quick lunches, casual dinners and takeaway orders from the neighbourhood. Overall, Shree Chinese provides an approachable, well-priced Chinese dining option in Panvel, with the practical combination of dine-in, delivery and card payments for relaxed meals."
Status Fine Dine,Panvel,Navi Mumbai,?500,Indian,"Home Delivery, Credit Cards Accepted, Dine-In, Non-Vegetarian Options, Air Conditioned, Outdoor Seating","Status Fine Dine is an Indian restaurant in Panvel, Navi Mumbai, pitched as a step up from everyday eateries. Its menu centres on Indian curries, grills and house specialities, making it suitable for diners who want a slightly dressier setting. The approximate cost for two is ₹500, placing it in the mid-range category. The air-conditioned outlet offers indoor and outdoor seating, home delivery and a menu that includes non-vegetarian options; credit cards are accepted. It is a good fit for family dinners, anniversary meals and evenings when a more polished ambience matters. Overall, Status Fine Dine delivers an upgraded Indian dining experience in Panvel, pairing comfortable interiors and outdoor seating with a well-rounded menu for special occasions and leisurely family meals."
Sun Rise Fine Dine,Panvel,Navi Mumbai,?550,"North Indian, Chinese","Home Delivery, Credit Cards Accepted, Dine-In, Non-Vegetarian Options, Air Conditioned","Sun Rise Fine Dine is a North Indian and Chinese restaurant in Panvel, Navi Mumbai, offering two popular cuisines under one roof. Its menu spans tandoori and curry preparations alongside noodles and rice specialities, making the outlet suitable for groups whose cravings differ. The approximate cost for two is ₹550, placing it in the mid-range category. The air-conditioned dining room offers comfortable dine-in meals, home delivery and strong non-vegetarian options; credit cards are accepted. It is a dependable venue for family dinners, friendly get-togethers and weekend meals that call for variety. Overall, Sun Rise Fine Dine combines North Indian and Chinese cooking in a comfortable Panvel setting, with air-conditioned ambience and practical services for relaxed, satisfying meals."
Swad Veg Treat,Panvel,Navi Mumbai,?350,Fast Food,"Home Delivery, Credit Cards Accepted, Dine-In, Air Conditioned","Swad Veg Treat is a fast-food restaurant in Panvel, Navi Mumbai, catering to vegetarian diners who enjoy quick bites and casual meals. Its menu centres on snacks and fast-food favourites, making it suitable for students, families and anyone after a speedy bite. The approximate cost for two is ₹350, placing it in the budget-friendly to mid-range category. The air-conditioned outlet offers dine-in seating, home delivery and credit card acceptance at billing. It works well for evening snacks, light dinners and takeaway orders when time is short. Overall, Swad Veg Treat delivers a clean, comfortable vegetarian fast-food experience in Panvel, with air-conditioned seating and delivery support for quick, affordable and fuss-free meals."
Take Away,Panvel,Navi Mumbai,?300,Fast Food,"Credit Cards Accepted, Dine-In, Non-Vegetarian Options","Take Away is a fast-food outlet in Panvel, Navi Mumbai, whose name reflects its grab-and-go character. Its menu centres on fast-food staples, making it a practical stop for diners seeking quick meals and snacks without lengthy waits. The approximate cost for two is ₹300, placing it in the budget-friendly category. The outlet offers dine-in seating, credit cards are accepted, and non-vegetarian options are available on the menu. It is a handy choice for hurried lunches, post-work snacks and evening cravings, especially for nearby residents and commuters. Overall, Take Away lives up to its name with a fast, straightforward fast-food experience in Panvel, combining simple dine-in comfort with card convenience for everyday visits."
Tarangan,Panvel,Navi Mumbai,?350,Chinese,"Home Delivery, Credit Cards Accepted, Dine-In, Non-Vegetarian Options, Air Conditioned","Tarangan is a Chinese restaurant in Panvel, Navi Mumbai, serving familiar Indo-Chinese dishes in a comfortable setting. Its menu centres on noodles, fried rice, Manchurian and spicy starters, making it a good fit for diners who enjoy bold, savoury flavours. The approximate cost for two is ₹350, placing it in the budget-friendly to mid-range category. The air-conditioned outlet offers dine-in seating and home delivery, includes non-vegetarian options, and accepts credit cards. It is a dependable choice for family dinners, quick weekend lunches and takeaway evenings when the mood is for Chinese comfort food. Overall, Tarangan provides a solid Indo-Chinese dining experience in Panvel, pairing air-conditioned comfort with delivery convenience for relaxed meals."
Utsav Family Restaurant & Bar,Panvel,Navi Mumbai,?300,North Indian,"Home Delivery, Credit Cards Accepted, Bar Available, Dine-In, Non-Vegetarian Options, Air Conditioned","Utsav Family Restaurant & Bar is a North Indian dining venue in Panvel, Navi Mumbai, designed with family meals in mind. Its menu centres on North Indian curries, tandoori items and family-style favourites, making it suitable for group dining and celebratory meals. The approximate cost for two is ₹300, placing it in the budget-friendly category despite its bar-and-restaurant format. The air-conditioned outlet offers dine-in seating, a bar, home delivery and non-vegetarian options; credit cards are accepted. It is a comfortable venue for family get-togethers, friendly dinners and relaxed drinks. Overall, Utsav Family Restaurant & Bar delivers a welcoming North Indian experience in Panvel, with family-oriented service, bar facilities and practical delivery support."
Vinamra,Panvel,Navi Mumbai,?200,Chinese,"Home Delivery, Credit Cards Accepted, Bar Available, Dine-In, Non-Vegetarian Options, Air Conditioned","Vinamra is a Chinese restaurant in Panvel, Navi Mumbai, offering value-oriented Indo-Chinese fare. Its menu focuses on noodles, fried rice and chilli-based dishes, making the outlet a good match for diners who want quick, satisfying meals without spending heavily. The approximate cost for two is ₹200, placing it firmly in the budget-friendly category. The air-conditioned space offers dine-in seating, a bar is available for drinks, home delivery is supported, and non-vegetarian options are on the menu; credit cards are accepted. It suits casual dinners, friendly hangouts and takeaway orders. Overall, Vinamra offers an inexpensive Chinese dining experience in Panvel with surprising extras such as air-conditioning and a bar, making it a practical, economical choice for regular meals."
Vrindavan,Panvel,Navi Mumbai,?400,Indian,"Home Delivery, Credit Cards Accepted, Dine-In, Air Conditioned, Outdoor Seating","Vrindavan is an Indian restaurant in Panvel, Navi Mumbai, serving everyday Indian cooking in a comfortable setting. Its menu centres on curries, dal, breads and familiar regional dishes, making it suitable for diners who enjoy homely, well-prepared meals. The approximate cost for two is ₹400, placing it in the mid-range category. The air-conditioned outlet offers indoor and outdoor seating, home delivery and credit card acceptance. It is a good option for family dinners, weekend lunches and relaxed evening meals, with outdoor spaces adding charm during cooler weather. Overall, Vrindavan delivers a dependable Indian dining experience in Panvel, combining air-conditioned comfort with open-air seating and the kind of variety that keeps regular family visits interesting."
New Delhi Darbar,Panvel,Navi Mumbai,?350,Mughlai,"Home Delivery, Credit Cards Accepted, Dine-In, Non-Vegetarian Options","New Delhi Darbar is a Mughlai restaurant in Panvel, Navi Mumbai, inspired by the rich, royal-flavoured cooking of North India. Its menu centres on kebabs, biryanis, rich gravies and Mughlai breads, making the outlet suitable for diners who enjoy aromatic, indulgent food. The approximate cost for two is ₹350, placing it in the budget-friendly to mid-range category. The restaurant supports dine-in seating and home delivery, includes non-vegetarian options prominently, and accepts credit cards. It is a fitting choice for weekend dinners, family meals and takeaway orders when the craving is for slow-cooked, spice-layered preparations. Overall, New Delhi Darbar brings a taste of Mughlai cooking to Panvel at accessible prices, with practical conveniences such as delivery and card payments."
Khana Khazana,Panvel,Navi Mumbai,?300,Mughlai,"Home Delivery, Credit Cards Accepted, Dine-In, Non-Vegetarian Options","Khana Khazana is a Mughlai restaurant in Panvel, Navi Mumbai, focused on the robust, aromatic cooking of the Mughlai tradition. Its menu centres on kebabs, biryanis, rich curries and tandoori breads, making it a suitable pick for diners who enjoy hearty, spice-rich meals. The approximate cost for two is ₹300, placing it in the budget-friendly category. The outlet offers dine-in seating and home delivery, features non-vegetarian options alongside vegetarian dishes, and accepts credit cards. It suits family dinners, casual get-togethers and takeaway evenings when the mood is for flavourful North Indian classics. Overall, Khana Khazana delivers a satisfying Mughlai dining experience in Panvel, with honest pricing, delivery convenience and a menu built around comfort-food favourites."
Vithal Kamats,Panvel,Navi Mumbai,,7,,"Vithal Kamats is a dining establishment in Panvel, Navi Mumbai, carrying a name long associated with vegetarian Indian restaurant hospitality in the region. The menu profile and facilities for this outlet are not detailed in the listing, so diners should expect the classic Kamats-style offering of pure vegetarian Indian meals, which typically spans South Indian staples, North Indian thalis and snack favourites. Being a familiar brand for family dining, it is likely to suit vegetarians and groups seeking dependable, hygienic food. Overall, Vithal Kamats offers the reassurance of an established vegetarian restaurant name in Panvel; visitors are advised to check the outlet directly for current pricing, seating and service details before visiting."
Welcome Restaurant,Panvel,Navi Mumbai,?500,7,,"Welcome Restaurant is an eatery in Panvel, Navi Mumbai, whose welcoming name signals a casual, neighbourhood-style dining spot. The source listing does not expand on its cuisine focus, facilities or seating arrangements, so the available details are limited to its location and pricing. The approximate cost for two is ₹500, placing it in the mid-range category for the area. Given the modest price point, it is likely to appeal to families and regular diners seeking straightforward meals without elaborate settings, though menu and amenity specifics should be confirmed with the outlet. Overall, Welcome Restaurant positions itself as an accessible, moderately priced dining option in Panvel; diners are advised to verify current offerings and services directly to plan their visit comfortably."
Barbeque Nation,Panvel,Navi Mumbai,"?1,600",7,,"Barbeque Nation is an outlet of the widely known grill-and-buffet chain, situated in Panvel, Navi Mumbai. The brand is celebrated for live table grills, where diners cook marinated starters on personal barbecue grills before moving to buffet spreads across Indian, continental and dessert counters. The approximate cost for two is ₹1,600, placing it in the premium buffet category, consistent with the chain's positioning. The source listing does not detail this outlet's facilities; across the chain, diners typically expect a lively, family-friendly ambience for celebrations and group outings. Overall, Barbeque Nation brings the chain's signature interactive dining experience to Panvel, making it a strong choice for festive meals, though visitors should confirm menus and timings directly."
Sarovar Pure Veg,Panvel,Navi Mumbai,?500,7,,"Sarovar Pure Veg is a pure vegetarian restaurant in Panvel, Navi Mumbai, with a name that makes its vegetarian positioning clear. The source listing does not detail its cuisine spread, ambience or facilities, but the approximate cost for two is ₹500, placing it in the mid-range category for vegetarian dining in the area. As a dedicated veg outlet, it is likely to suit vegetarian families, Jain-style preferences and groups looking for a no-compromise vegetarian meal, though the specific menu should be confirmed at the venue. Overall, Sarovar Pure Veg offers a clearly vegetarian dining option in Panvel at a moderate price point; diners are advised to check directly for seating, menu highlights and services such as delivery or parking before planning a visit."
Salt N Pepper,Panvel,Navi Mumbai,?500,7,,"Salt N Pepper is a restaurant in Panvel, Navi Mumbai, whose name hints at a straightforward, well-seasoned menu without committing to a single cuisine. The source listing does not specify its cuisine focus, ambience or facilities, leaving the available details to its location and pricing. The approximate cost for two is ₹500, placing it in the mid-range category. The balanced price point suggests an approachable venue for family meals and casual dinners, though diners should check the current menu and services with the outlet. Overall, Salt N Pepper appears positioned as a comfortable, moderately priced dining option in Panvel for everyday meals and small gatherings, with details best confirmed before a visit."
Cafe Nine,Panvel,Navi Mumbai,?500,7,,"Cafe Nine is a cafe-style eatery in Panvel, Navi Mumbai, offering a relaxed alternative to full-service restaurants. The source listing does not detail its cuisine focus, ambience or facilities, so the available information is limited to its location and pricing. The approximate cost for two is ₹500, placing it in the mid-range category for casual dining in the area. Cafes at this price level typically suit friends catching up, light meals, snacks and coffee-style outings, though specifics should be confirmed with the outlet. Overall, Cafe Nine positions itself as a moderately priced, informal dining spot in Panvel, well suited to relaxed visits; diners are advised to verify the menu and services on offer before their visit to match expectations."
Frozen Bottle,Panvel,Navi Mumbai,?300,"Beverages, Desserts",,"Frozen Bottle is a beverages-and-desserts outlet in Panvel, Navi Mumbai, catering to those with a love for shakes, coolers and sweet indulgences. Its menu centres on beverages and desserts, making it a natural destination for milkshakes, iced drinks and dessert treats through the day. The approximate cost for two is ₹300, placing it in the budget-friendly to mid-range category. The source listing does not detail its seating or payment facilities, so diners should confirm availability of dine-in space on arrival. It is a good pick for younger crowds, post-meal dessert runs and quick refreshment stops with friends. Overall, Frozen Bottle delivers a focused drinks-and-desserts experience in Panvel at an accessible price, making it a convenient spot for casual hangouts and sweet cravings."
The Belgian Waffle Co.,New Panvel,Navi Mumbai,?250,Desserts,,"The Belgian Waffle Co. is a dessert outlet in New Panvel, Navi Mumbai, part of a popular chain dedicated to Belgian-style waffles. Its menu centres on freshly made waffles with a range of toppings, sauces and dessert combinations, making it a delightful destination for anyone with a sweet tooth. The approximate cost for two is ₹250, placing it in the budget-friendly category. The source listing does not detail seating or payment facilities, so visitors should check on the spot whether dine-in space or takeaway-only service applies. It is a favourite among students, young adults and families looking for a quick dessert break. Overall, The Belgian Waffle Co. brings its signature waffle treats to New Panvel at gentle prices, offering a cheerful stop for casual snacking and dessert outings."
BSF - Burger Shakes Fries,New Panvel,Navi Mumbai,?500,"Burger, Fast Food",,"BSF - Burger Shakes Fries is a fast-food outlet in New Panvel, Navi Mumbai, whose name neatly sums up its menu. As the name suggests, the offering centres on burgers, shakes and fries, making it a fitting stop for diners who enjoy classic fast-food combinations and casual meals. The approximate cost for two is ₹500, placing it in the mid-range category for fast food in the area. The source listing does not specify seating, delivery or payment facilities, so these should be confirmed at the outlet. It is a good match for students, young families and quick bites before or after errands. Overall, BSF delivers a focused burger-shakes-fries experience in New Panvel, appealing to fans of indulgent, uncomplicated fast food; visitors should verify services directly for a smooth visit."
Machali,Old Panvel,Navi Mumbai,"?1,200","North Indian, Chinese, Seafood",,"Machali is a restaurant in Old Panvel, Navi Mumbai, whose menu spans North Indian, Chinese and seafood cooking. The seafood focus makes it a notable choice for diners who enjoy fresh fish and coastal preparations, while the North Indian and Chinese sections provide variety for the rest of the table. The approximate cost for two is ₹1,200, placing it in the premium category. The source listing does not detail its ambience or facilities, so diners should confirm seating and services directly. It suits seafood lovers, family dinners and special meals that call for a wider spread. Overall, Machali offers a seafood-led menu supported by North Indian and Chinese options in Old Panvel, making it an appealing destination for distinctive dining."
Trimurti Snacks Corner,Panvel,Navi Mumbai,?0,7,,"Trimurti Snacks Corner is a snacks-focused eatery in Panvel, Navi Mumbai, catering to everyday hunger pangs. As the name suggests, the emphasis is on quick snacks rather than elaborate restaurant meals, making it suitable for light bites, evening munchies and casual drop-ins. The source listing does not provide reliable cost, cuisine or facility details, so diners should check prices and offerings directly at the counter. It is likely to appeal to nearby residents, students and office-goers seeking fast, inexpensive refreshments. Overall, Trimurti Snacks Corner positions itself as a simple, neighbourhood snack point in Panvel, best suited to quick visits and small orders; visitors are advised to confirm menu, pricing and seating arrangements on arrival before ordering."
Tigers Food Point,Panvel,Navi Mumbai,,7,,"Tigers Food Point is a food outlet in Panvel, Navi Mumbai, whose name suggests a casual, energetic eatery rather than a formal restaurant. The source listing does not provide its cuisine focus, pricing or facility details, so only the location can be stated with confidence. Given the typical profile of such food points, it is likely to serve quick, everyday meals and snacks for nearby residents and passers-by, though this should be confirmed with the outlet. It may appeal to those seeking convenient, no-fuss bites. Overall, Tigers Food Point appears to be a modest neighbourhood dining option in Panvel; diners are advised to check the current menu, prices and available services directly before visiting."
Saanvi Snacks And Tandoor Corner,Panvel,Navi Mumbai,?500,7,,"Saanvi Snacks And Tandoor Corner is an eatery in Panvel, Navi Mumbai, whose name reveals its twin focus on snacks and tandoori cooking. Diners can expect quick snack items alongside tandoor preparations such as kebabs and grilled breads, making it a suitable stop for casual, flavourful eating. The approximate cost for two is ₹500, placing it in the mid-range category for snack-and-tandoor dining in the area. The source listing does not detail seating, delivery or payment facilities, so these should be confirmed at the outlet. It appeals to those who enjoy grilled starters, evening snacks and relaxed casual meals. Overall, Saanvi Snacks And Tandoor Corner offers a snack-and-tandoor focused menu in Panvel at a moderate price, making it a convenient choice for quick, satisfying bites."
Havmor Ice Cream,Panvel,Navi Mumbai,,7,,"Havmor Ice Cream is a dessert outlet in Panvel, Navi Mumbai, associated with the well-known Havmor brand that has served ice cream lovers for generations. The menu centres on ice creams, sundaes and frozen desserts in a wide range of flavours, making it a dependable destination for families and children. The source listing does not state the approximate cost for two or the outlet's facilities, so visitors should check pricing and seating availability on arrival. It suits birthday treats, after-dinner dessert runs and hot summer-day cravings. Overall, Havmor Ice Cream brings a trusted ice cream brand to Panvel, offering the familiar comfort of quality frozen treats; diners can confirm the current flavour range and services directly with the outlet before visiting."
Goni Da Dhaba,Panvel,Navi Mumbai,"?1,100",7,,"Goni Da Dhaba is a dhaba-style restaurant in Panvel, Navi Mumbai, drawing on the rustic eating traditions of roadside dhabas. As the name and format suggest, the menu is likely to lean toward hearty, generously flavoured North Indian-style cooking served without fuss, although the source listing does not detail its cuisine spread or facilities. The approximate cost for two is ₹1,100, placing it in the premium bracket for dhaba dining in the area. It is likely to suit groups seeking robust meals in a lively, informal setting, with portions built for sharing. Overall, Goni Da Dhaba offers a hearty dhaba experience in Panvel at a higher-than-usual price point; diners should confirm the menu and ambience directly before their visit."
The Laughing Fish,Panvel,Navi Mumbai,"?1,500",7,,"The Laughing Fish is a restaurant in Panvel, Navi Mumbai, whose playful name strongly suggests a seafood-oriented menu. Diners who enjoy fish and coastal preparations may find this an appealing destination, though the source listing does not specify the cuisine spread or facilities. The approximate cost for two is ₹1,500, placing it in the premium category for the area, which typically signals a more upmarket dining experience. It is likely to suit special occasions, seafood lovers and dinners where quality matters more than price. Overall, The Laughing Fish positions itself as a premium, seafood-leaning restaurant in Panvel; visitors are advised to confirm the menu, seating and services directly with the outlet before planning a visit."
The Poolside Restro,Panvel,Navi Mumbai,"?1,200",7,,"The Poolside Restro is a restaurant in Panvel, Navi Mumbai, whose name evokes a relaxed, resort-style ambience beside a swimming pool. The setting is likely to appeal to diners seeking leisure-oriented meals rather than rushed lunches, though the source listing does not detail its cuisine or facilities. The approximate cost for two is ₹1,200, placing it in the premium category for the area. It is well suited to weekend outings, group celebrations and evenings where ambience plays a central role in the experience. Overall, The Poolside Restro offers a distinctive poolside dining concept in Panvel at a premium price point, ideal for relaxed, memorable meals; confirming the menu and operational hours directly with the venue is recommended."
BMGiri,Panvel,Navi Mumbai,?300,7,,"BMGiri is a restaurant in Panvel, Navi Mumbai, operating under a compact name that offers little indication of its cuisine style. The source listing does not detail its menu focus, ambience or facilities, leaving the location and pricing as the available facts. The approximate cost for two is ₹300, placing it in the budget-friendly category for the area. The modest price point suggests an everyday, neighbourhood-style eatery suitable for quick meals and casual dining, though this should be confirmed with the outlet. Overall, BMGiri appears to be an accessible, economical dining option in Panvel, likely serving regular customers seeking straightforward food; visitors are advised to check the menu and services directly before their visit."
Annapoornaas,New Panvel,Navi Mumbai,?350,7,,"Annapoornaas is a restaurant in New Panvel, Navi Mumbai, whose name draws on Annapoorna, the goddess of food, a label commonly associated with pure vegetarian Indian kitchens. While the source listing does not confirm the cuisine spread or facilities, the name points toward a vegetarian-friendly dining experience. The approximate cost for two is ₹350, placing it in the budget-friendly to mid-range category. It is likely to suit vegetarian families, daily-meal seekers and those wanting dependable Indian food at fair prices. Overall, Annapoornaas offers what appears to be a vegetarian-leaning, moderately priced dining option in New Panvel; diners should verify the exact menu, seating and services with the outlet before visiting."
Bahubelly,New Panvel,Navi Mumbai,?250,7,,"Bahubelly is a restaurant in New Panvel, Navi Mumbai, with a playful name that signals satisfying, generous eating. The source listing does not specify its cuisine focus or facilities, and only a modest approximate cost for two of ₹250 is recorded, placing it in the budget-friendly category. The approachable name and price point suggest a casual eatery suited to students, young diners and quick meals, though the exact menu should be confirmed directly at the outlet. Overall, Bahubelly positions itself as an informal, budget-conscious dining spot in New Panvel, likely appealing to those seeking filling food without ceremony; checking the current offerings and services on arrival is recommended."
Bollyfood Dhaba,New Panvel,Navi Mumbai,?800,7,,"Bollyfood Dhaba is a dhaba-style restaurant in New Panvel, Navi Mumbai, whose name blends Bollywood flavour with the classic Indian dhaba format. As the name suggests, the venue likely pairs robust, rustic cooking with a fun, entertainment-themed atmosphere, though the source listing does not detail its cuisine or facilities. The approximate cost for two is ₹800, placing it in the upper mid-range category for the area. It is likely to appeal to groups, families and diners seeking hearty meals in a lively setting. Overall, Bollyfood Dhaba offers a characterful, Bollywood-inspired dhaba concept in New Panvel at a moderately premium price, ideal for social dinners; confirming the menu and ambience directly with the venue is advised."
Cafï¿½ Recycled,New Panvel,Navi Mumbai,?600,7,,"Cafè Recycled is a cafe in New Panvel, Navi Mumbai, whose distinctive name suggests an eclectic, creatively styled space. The source listing does not detail its cuisine focus or facilities, so the available facts are limited to its location and pricing. The approximate cost for two is ₹600, placing it in the mid-range category for cafe dining in the area. Cafes in this band typically suit coffee and snack outings, casual meet-ups with friends and relaxed work-away-from-home sessions, though specifics should be confirmed on arrival. Overall, Cafè Recycled positions itself as a moderately priced, characterful cafe in New Panvel, appealing to diners who value atmosphere; visitors should check the menu and services directly before their visit."
Gazebo Dhaba,New Panvel,Navi Mumbai,"?1,500",7,,"Gazebo Dhaba is a dhaba-style eatery in New Panvel, Navi Mumbai, whose name combines the open, pavilion-style gazebo seating tradition with the hearty informality of a dhaba. As the name suggests, diners may enjoy a more open-air, relaxed setting than a conventional restaurant, although the source listing does not detail the cuisine or facilities. The approximate cost for two is ₹1,500, placing it in the premium category for dhaba dining in the area. It is likely to suit larger groups, families and celebratory meals seeking ample space and a lively mood. Overall, Gazebo Dhaba offers a spacious, gazebo-style dhaba experience in New Panvel at a premium price; confirming the menu, seating layout and services directly with the outlet is recommended."
Happy Eats,New Panvel,Navi Mumbai,?500,7,,"Happy Eats is a restaurant in New Panvel, Navi Mumbai, whose cheerful name points to a casual, feel-good dining experience. The source listing does not specify its cuisine focus, ambience or facilities, so the available details are limited to location and pricing. The approximate cost for two is ₹500, placing it in the mid-range category for the area. The balanced pricing suggests a venue suited to family meals, friendly gatherings and everyday dining, though the exact menu should be checked with the outlet. Overall, Happy Eats positions itself as an approachable, moderately priced restaurant in New Panvel for relaxed meals; diners are advised to confirm current offerings and services directly before visiting."
Hotel Khandesh,New Panvel,Navi Mumbai,"?1,000",7,,"Hotel Khandesh is a hotel-restaurant in New Panvel, Navi Mumbai, whose name references the Khandesh region of Maharashtra, hinting at Maharashtrian and Khandeshi-style cooking. While the source listing does not confirm the exact menu or facilities, diners interested in regional Maharashtrian flavours may find the venue appealing. The approximate cost for two is ₹1,000, placing it in the premium category for the area. It is likely to suit family dinners, regional-food enthusiasts and meals that call for a slightly more formal setting. Overall, Hotel Khandesh appears to offer a regional, Maharashtrian-leaning dining experience in New Panvel at a premium price point; confirming the menu, seating and services directly with the venue is recommended."
Hotel Redwings Castle,New Panvel,Navi Mumbai,"?1,200",7,,"Hotel Redwings Castle is a hotel-restaurant in New Panvel, Navi Mumbai, whose grand name promises a more stately dining setting. The source listing does not detail its cuisine focus or facilities, so the available facts are its location and pricing. The approximate cost for two is ₹1,200, placing it in the premium category for the area, which typically indicates a more upmarket experience with attentive service. It is likely to suit special occasions, business-style meals and family celebrations where a polished setting matters. Overall, Hotel Redwings Castle positions itself as a premium dining destination in New Panvel, suited to those seeking a more formal, comfortable meal; visitors should verify the menu and facilities directly before their visit."
Kokandeep Fine Dine,New Panvel,Navi Mumbai,?950,7,,"Kokandeep Fine Dine is a fine-dining restaurant in New Panvel, Navi Mumbai, whose name evokes the Konkan coast, hinting at coastal Maharashtrian and Malvani-style cooking. While the source listing does not confirm the menu spread, the Konkan association makes it an intriguing choice for lovers of coastal flavours. The approximate cost for two is ₹950, placing it in the upper mid-range to premium category. Its fine-dine positioning suggests a more polished ambience suited to special occasions, anniversaries and leisurely family dinners. Overall, Kokandeep Fine Dine offers a fine-dining experience with a likely Konkan coastal touch in New Panvel at a premium price; diners are advised to confirm the menu, seating and services directly with the venue."
